{"accuracy": [0.5891599655151367, 0.8534177541732788, 0.9122839570045471, 0.9399672746658325, 0.9534817337989807, 0.9630272388458252, 0.9713066220283508, 0.9749199748039246], "loss": [1.3983988761901855, 0.45830273628234863, 0.2701548635959625, 0.18152637779712677, 0.14393401145935059, 0.11025302857160568, 0.08765700459480286, 0.0760061964392662], "val_accuracy": [0.8350216150283813, 0.9054746031761169, 0.9409287571907043, 0.9282380938529968, 0.9507739543914795, 0.9580013751983643, 0.9651718735694885, 0.9584566354751587], "val_loss": [0.5276899933815002, 0.2956463694572449, 0.18093633651733398, 0.2384050190448761, 0.15432697534561157, 0.13443298637866974, 0.1088346540927887, 0.14281900227069855]}